{
  "auc": 0.9999999779613244,
  "accuracy": 0.9998727708390763,
  "f1": 0.9998887776665555
}