{
  "auc": 0.9999998347099333,
  "accuracy": 0.9998939756992302,
  "f1": 0.9999073130039855
}