{
  "auc": 0.999999981634437,
  "accuracy": 0.9998727708390763,
  "f1": 0.9998887776665555
}